ID,ElevationIV,SLPangleIV,ProflieCVTIV,RoadDISTIV,LINEDISTIV,RSMTIV,LanduseIV,TopographyIV,NDVIIV,Class
9568,0.254,0.0543,0.0367,0.0032,0.009,0.000932773,0.3149,0.095,0.5389,landslide
13992,0.3338,0.0002,0.0367,0.0362,0.009,0.1029,0.1381,0.0511,0.0079,landslide
14509,0.254,0.0543,0.0367,0.4077,0.009,0.000932773,0.2328,0.095,0.006,landslide
15067,0.254,0.0543,0.0367,0.1801,0.1484,0.000932773,0.3193,0.0511,0.1678,landslide
16194,0.3338,0.0354,0.0367,0.1801,0.009,0.1029,0.1381,0.0511,0.006,landslide
25499,0.254,0.0543,0.0367,0.1801,0.1484,0.000932773,0.3193,0.095,0.1678,landslide
31029,0.3338,0.0543,0.0367,0.4077,0.009,0.1029,0.2328,0.0511,0.006,landslide
32675,0.3338,0.0543,0.0367,0.1801,0.009,0.1029,0.3149,0.0511,0.1678,landslide
37023,0.254,0.0543,0.0367,0.4077,0.1484,0.1029,0.3193,0.095,0.006,landslide
37025,0.254,0.0543,0.0367,0.4077,0.1484,0.1029,0.3193,0.095,0.1678,landslide
38122,0.254,0.0543,0.0367,0.1801,0.1484,0.1029,0.2328,0.095,0.1678,landslide
40868,0.254,0.0543,0.0367,0.4077,0.1484,0.000932773,0.3149,0.095,0.1678,landslide
52957,0.254,0.0543,0.0367,0.1801,0.1484,0.0174,0.3149,0.0511,0.2815,landslide
43606,0.254,0.0002,0.0367,0.0032,0.1484,0.000932773,0.3193,0.095,0.2815,landslide
55189,0.3338,0.0543,0.0367,0.4077,0.009,0.1029,0.2328,0.0511,0.1678,landslide
60631,0.254,0.0543,0.0367,0.4077,0.1484,0.1029,0.1381,0.095,0.006,landslide
60646,0.254,0.0002,0.0682,0.4077,0.1484,0.0174,0.3149,0.0511,0.0079,landslide
65024,0.254,0.0543,0.0367,0.0032,0.1484,0.000932773,0.3149,0.095,0.006,landslide
84787,0.254,0.0002,0.0367,0.0362,0.1484,0.000932773,0.3193,0.095,0.2815,landslide
72189,0.254,0.0002,0.0367,0.0362,0.1484,0.0174,0.3149,0.0511,0.0079,landslide
72200,0.3338,0.0856,0.0367,0.1801,0.009,0.0174,0.3149,0.0511,0.0079,landslide
77112,0.3338,0.0543,0.0367,0.4077,0.1484,0.1029,0.3149,0.0511,0.0079,landslide
102912,0.254,0.0543,0.0367,0.4077,0.1484,0.000932773,0.3193,0.095,0.1678,landslide
86441,0.254,0.0543,0.0367,0.0032,0.1484,0.000932773,0.3149,0.095,0.2815,landslide
96908,0.3338,0.0354,0.0682,0.1801,0.1484,0.1029,0.1381,0.0511,0.1678,landslide
98519,0.254,0.0002,0.0367,0.1801,0.1484,0.000932773,0.3149,0.095,0.5389,landslide
101843,0.3338,0.0002,0.0367,0.4077,0.1484,0.0417,0.1381,0.0511,0.1678,landslide
110063,0.3338,0.0543,0.0367,0.0032,0.1484,0.0417,0.3193,0.0511,0.5389,landslide
111735,0.254,0.0002,0.0367,0.0032,0.1484,0.0174,0.3149,0.0511,0.006,landslide
112800,0.3338,0.0543,0.0367,0.1801,0.1484,0.000932773,0.3149,0.0511,0.2815,landslide
112948,0.254,0.0543,0.0367,0.1801,0.1484,0.000932773,0.0104,0.095,0.1678,landslide
113897,0.3338,0.0543,0.0367,0.0032,0.1484,0.000932773,0.3193,0.0511,0.006,landslide
114046,0.0254,0.0002,0.0682,0.1801,0.1484,0.000932773,0.3149,0.095,0.1678,landslide
116783,0.254,0.0354,0.0367,0.4077,0.1484,0.0174,0.3149,0.095,0.2815,landslide
117884,0.254,0.0543,0.0367,0.1801,0.1484,0.0174,0.2328,0.095,0.1678,landslide
119955,0.3338,0.0354,0.0367,0.1801,0.1484,0.1029,0.3193,0.0511,0.2815,landslide
121704,0.254,0.0002,0.0682,0.4077,0.1484,0.0174,0.3149,0.095,0.1678,landslide
138617,0.3338,0.0543,0.0682,0.0032,0.009,0.1029,0.3193,0.0511,0.1678,landslide
124457,0.254,0.0002,0.0367,0.4077,0.1484,0.0174,0.3149,0.095,0.006,landslide
124465,2.0808,0.0002,0.0367,0.0362,0.009,0.000932773,0.3149,0.095,0.2815,landslide
127071,0.254,0.0543,0.0367,0.4077,0.1484,0.000932773,0.3193,0.0511,0.2815,landslide
128186,0.3338,0.0002,0.0367,0.1801,0.1484,0.0417,0.3193,0.0511,0.1678,landslide
128293,0.254,0.0002,0.0682,0.4077,0.1484,0.000932773,0.3149,0.095,0.006,landslide
133189,0.254,0.0002,0.0367,0.4077,0.1484,0.0417,0.3149,0.095,0.1678,landslide
135589,2.0808,0.0543,0.0367,0.2612,0.1484,0.000932773,0.3149,0.095,0.1678,landslide
134836,0.254,0.0002,0.0682,0.1801,0.1484,0.0417,0.2328,0.095,0.1678,landslide
138711,0.254,0.0543,0.0367,0.0032,0.1484,0.0174,0.3149,0.095,0.006,landslide
139700,0.254,0.0543,0.0682,0.0032,0.1484,0.000932773,0.3193,0.0511,0.1678,landslide
139798,0.254,0.0002,0.0367,0.4077,0.1484,0.0174,0.3193,0.095,0.006,landslide
139964,0.0254,0.0543,0.0367,0.1801,0.009,0.000932773,0.3193,0.095,0.0873,landslide
143622,0.254,0.0002,0.0367,0.0362,0.1484,0.0005,0.3149,0.095,0.5389,landslide
145237,0.254,0.0002,0.0682,0.0032,0.1484,0.0005,0.3149,0.0511,0.5389,landslide
145244,0.254,0.0002,0.0367,0.1801,0.1484,0.0174,0.3149,0.0511,0.0079,landslide
145830,0.254,0.0543,0.0367,0.4077,0.1484,0.0417,0.3193,0.095,0.006,landslide
146860,0.3338,0.0543,0.0367,0.1801,0.1484,0.1029,0.1025,0.0511,0.1678,landslide
147406,0.3338,0.0543,0.0367,0.4077,0.1484,0.1029,0.3193,0.0511,0.1678,landslide
151841,0.254,0.0002,0.0682,0.4077,0.009,0.0174,0.2328,0.095,0.5389,landslide
153515,0.254,0.0856,0.0682,0.0032,0.1484,0.0417,0.3149,0.095,0.5389,landslide
154228,0.254,0.0543,0.0367,0.4077,0.009,0.1029,0.1381,0.095,0.0079,landslide
157265,0.254,0.0856,0.0682,0.0032,0.1484,0.000932773,0.3149,0.0511,0.0079,landslide
157329,0.254,0.0002,0.0367,0.4077,0.1484,0.0005,0.3193,0.095,0.006,landslide
158996,0.254,0.0543,0.0367,0.0032,0.1484,0.0417,0.3193,0.095,0.1678,landslide
159546,0.254,0.0002,0.0367,0.0032,0.1484,0.0417,0.3193,0.095,0.2815,landslide
160065,0.254,0.0002,0.0367,0.4077,0.1484,0.0174,0.3149,0.095,0.1678,landslide
161706,0.254,0.0002,0.0367,0.4077,0.1484,0.0174,0.2328,0.0511,0.0079,landslide
162212,0.254,0.0543,0.0367,0.4077,0.1484,0.1029,0.3193,0.0511,0.1678,landslide
165175,0.0254,0.0002,0.0682,0.0362,0.0041,0.0005,0.3149,0.095,0.5389,landslide
160113,0.254,0.0856,0.0367,0.0362,0.1484,0.0174,0.3193,0.095,0.5389,landslide
160581,0.3338,0.0354,0.0367,0.0032,0.009,0.1029,0.2328,0.0511,0.1678,landslide
160613,0.254,0.0002,0.0367,0.1801,0.1484,0.0174,0.2328,0.095,0.1678,landslide
162259,0.254,0.0002,0.0682,0.0032,0.1484,0.0174,0.3149,0.095,0.1678,landslide
163964,0.254,0.0002,0.0367,0.0032,0.009,0.000932773,0.1381,0.095,0.006,landslide
165728,0.254,0.0002,0.0682,0.0032,0.009,0.0005,0.0183,0.095,0.006,landslide
166062,0.3338,0.0543,0.0367,0.4077,0.1484,0.1029,0.3149,0.0511,0.1678,landslide
166715,0.254,0.0002,0.0367,0.4077,0.009,0.000932773,0.3149,0.095,0.5389,landslide
168863,0.254,0.0002,0.0367,0.4077,0.009,0.0417,0.3149,0.095,0.006,landslide
169883,0.254,0.0856,0.0682,0.2612,0.1484,0.000932773,0.3149,0.0511,0.2815,landslide
171640,0.254,0.0002,0.0367,0.4077,0.1484,0.000932773,0.2328,0.095,0.1678,landslide
172192,0.254,0.0002,0.0367,0.4077,0.009,0.000932773,0.3149,0.095,0.1678,landslide
172694,0.3338,0.0543,0.0367,0.1801,0.009,0.0417,0.3149,0.095,0.1678,landslide
173367,0.0254,0.0543,0.0682,0.0362,0.1484,0.0417,0.3149,0.095,0.1678,landslide
174275,0.254,0.0543,0.0682,0.1077,0.1484,0.000932773,0.3149,0.0511,0.1678,landslide
174534,0.254,0.0543,0.0367,0.4077,0.1484,0.000932773,0.3193,0.095,0.0079,landslide
174851,0.3338,0.0543,0.0367,0.1801,0.009,0.1029,0.2328,0.0511,0.2815,landslide
175021,0.254,0.0543,0.0367,0.0032,0.1484,0.0005,0.3149,0.095,0.006,landslide
175439,0.3338,0.0543,0.0367,0.4077,0.009,0.0417,0.1381,0.095,0.2815,landslide
176548,0.254,0.0002,0.0682,0.1801,0.009,0.0417,0.3149,0.095,0.2815,landslide
177089,0.3338,0.0543,0.0367,0.4077,0.009,0.0417,0.3149,0.095,0.1678,landslide
183199,0.254,0.0002,0.0682,0.0032,0.009,0.0005,0.3193,0.095,0.1678,landslide
178745,0.254,0.0543,0.0682,0.4077,0.1484,0.0417,0.2328,0.095,0.2815,landslide
179244,0.3338,0.0354,0.0367,0.4077,0.1484,0.1029,0.2328,0.0511,0.2815,landslide
179265,0.3338,0.0002,0.0367,0.1801,0.1484,0.0417,0.3149,0.0511,0.0079,landslide
179324,0.254,0.0002,0.0367,0.0362,0.1484,0.000932773,0.3149,0.095,0.0079,landslide
180361,0.3338,0.0002,0.0682,0.0032,0.1484,0.0417,0.3149,0.0511,0.2815,landslide
180389,0.254,0.0002,0.0367,0.0032,0.009,0.0417,0.0183,0.095,0.2815,landslide
180449,0.254,0.0856,0.0367,0.1801,0.009,0.0174,0.3149,0.095,0.2815,landslide
180945,0.254,0.0002,0.0367,0.1801,0.1484,0.0005,0.3193,0.095,0.006,landslide
182125,0.0254,0.0002,0.0367,0.1801,0.1484,0.0174,0.3149,0.095,0.2815,landslide
183268,0.254,0.0002,0.0367,0.4077,0.1484,0.0005,0.3149,0.095,0.5389,landslide
183081,0.3338,0.0856,0.0682,0.1801,0.1484,0.1029,0.3149,0.0511,0.006,landslide
187020,0.254,0.0002,0.0682,0.0362,0.1484,0.000932773,0.3149,0.095,0.1678,landslide
184191,0.3338,0.0543,0.0682,0.1801,0.1484,0.0417,0.3149,0.0511,0.006,landslide
184357,0.254,0.0543,0.0367,0.4077,0.009,0.0174,0.2328,0.095,0.0079,landslide
185841,0.3338,0.0543,0.0367,0.1801,0.1484,0.0417,0.3193,0.0511,0.1678,landslide
186376,0.3338,0.0354,0.0367,0.1801,0.1484,0.1029,0.1025,0.0511,0.006,landslide
186607,0.254,0.0543,0.0367,0.1801,0.1484,0.000932773,0.1381,0.095,0.1678,landslide
187536,0.254,0.0002,0.0367,0.4077,0.009,0.0174,0.3149,0.095,0.0079,landslide
189199,0.254,0.0543,0.0367,0.1801,0.1484,0.000932773,0.0183,0.095,0.1678,landslide
194281,0.254,0.0543,0.0367,0.4077,0.1484,0.000932773,0.1381,0.095,0.1678,landslide
190843,0.254,0.0543,0.0367,0.1801,0.009,0.0174,0.3193,0.095,0.2815,landslide
193730,0.254,0.0543,0.0367,0.4077,0.1484,0.000932773,0.1381,0.095,0.1678,landslide
192488,0.254,0.0543,0.0367,0.4077,0.009,0.0174,0.2328,0.095,0.0079,landslide
193143,0.254,0.0543,0.0367,0.0032,0.009,0.0174,0.3193,0.095,0.1678,landslide
193509,0.3338,0.0543,0.0682,0.0032,0.1484,0.1029,0.1381,0.0511,0.1678,landslide
194200,0.254,0.0856,0.0367,0.1801,0.1484,0.0174,0.3149,0.095,0.5389,landslide
194772,0.254,0.0856,0.0367,0.1801,0.0041,0.2263,0.3149,0.095,0.5389,landslide
195874,0.254,0.0002,0.0367,0.4077,0.009,0.0174,0.3149,0.095,0.1678,landslide
195705,0.3338,0.0354,0.0367,0.4077,0.1484,0.1029,0.1025,0.0511,0.2815,landslide
196419,0.254,0.0856,0.0367,0.4077,0.009,0.0417,0.3149,0.095,0.1678,landslide
198077,0.254,0.0543,0.0367,0.0032,0.009,0.0174,0.2328,0.095,0.006,landslide
200669,0.3338,0.0543,0.0367,0.0362,0.1484,0.0174,0.3193,0.0511,0.5389,landslide
200670,0.254,0.0543,0.0367,0.0362,0.1484,0.0174,0.3193,0.0511,0.006,landslide
199564,0.3338,0.0543,0.0367,0.4077,0.009,0.0174,0.3149,0.0511,0.5389,landslide
201222,0.254,0.0856,0.0367,0.0362,0.1484,0.0174,0.3149,0.095,0.2815,landslide
201779,0.254,0.0856,0.0367,0.0032,0.1484,0.0417,0.3149,0.095,0.1678,landslide
197391,0.254,0.0002,0.0682,0.0032,0.1484,0.0417,0.3193,0.095,0.006,landslide
197908,0.3338,0.0543,0.0367,0.4077,0.1484,0.0174,0.3149,0.0511,0.1678,landslide
197909,0.3338,0.0543,0.0367,0.4077,0.1484,0.0174,0.3193,0.0511,0.2815,landslide
198043,0.254,0.0002,0.0367,0.1801,0.1484,0.0174,0.3193,0.095,0.006,landslide
198444,0.3338,0.0543,0.0367,0.1801,0.1484,0.1029,0.2328,0.0511,0.006,landslide
199146,0.254,0.0856,0.0367,0.1801,0.009,0.0005,0.3149,0.095,0.2815,landslide
200244,0.254,0.0856,0.0367,0.1801,0.009,0.0005,0.3149,0.095,0.0079,landslide
200638,0.3338,0.0543,0.0367,0.1801,0.1484,0.0174,0.1381,0.0511,0.1678,landslide
202831,0.3338,0.0543,0.0367,0.4077,0.1484,0.000932773,0.1381,0.0511,0.006,landslide
201352,0.254,0.0002,0.0367,0.0032,0.009,0.0174,0.3193,0.095,0.1678,landslide
201366,0.254,0.0543,0.0682,0.4077,0.009,0.0417,0.2328,0.095,0.1678,landslide
204119,0.254,0.0543,0.0682,0.1801,0.1484,0.2263,0.3193,0.095,0.006,landslide
216636,0.254,0.0856,0.0682,0.4077,0.1484,0.000932773,0.0183,0.095,0.1678,landslide
219327,0.254,0.0002,0.0367,0.0032,0.1484,0.0174,0.3149,0.0511,0.006,landslide
228633,0.3338,0.0354,0.0367,0.1801,0.1484,0.1029,0.1381,0.0511,0.2815,landslide
229217,0.254,0.0002,0.0682,0.1801,0.009,0.0174,0.3193,0.095,0.006,landslide
229780,0.254,0.0002,0.0367,0.2612,0.0041,0.0005,0.3193,0.095,0.006,landslide
230790,0.254,0.0002,0.0367,0.4077,0.009,0.000932773,0.3149,0.095,0.2815,landslide
243506,0.254,0.0002,0.0367,0.1801,0.009,0.0174,0.3149,0.095,0.5389,landslide
243947,0.254,0.0543,0.0367,0.4077,0.5719,0.000932773,0.1381,0.095,0.0873,landslide
251086,0.254,0.0543,0.0367,0.4077,0.5719,0.000932773,0.3149,0.095,0.5389,landslide
253294,0.254,0.0002,0.0682,0.4077,0.0041,0.000932773,0.3193,0.095,0.1678,landslide
264308,0.254,0.0543,0.0367,0.1801,0.1484,0.000932773,0.2328,0.2153,0.0079,landslide
261073,0.254,0.0002,0.0682,0.4077,0.009,0.0174,0.3193,0.095,0.1678,landslide
262665,0.254,0.0543,0.0367,0.1801,0.1484,0.000932773,0.3193,0.2153,0.1678,landslide
262683,0.3338,0.0002,0.0367,0.1801,0.1484,0.0417,0.3149,0.2153,0.1678,landslide
263207,0.254,0.0543,0.0367,0.4077,0.009,0.000932773,0.3193,0.2153,0.1678,landslide
263211,0.254,0.0543,0.0367,0.4077,0.1484,0.000932773,0.2328,0.2153,0.1678,landslide
264897,0.254,0.0002,0.0367,0.4077,0.1484,0.0417,0.3149,0.2153,0.5389,landslide
267104,0.254,0.0543,0.0682,0.4077,0.1484,0.0174,0.2328,0.2153,0.1678,landslide
268203,0.254,0.0543,0.0367,0.1801,0.1484,0.0174,0.2328,0.2153,0.006,landslide
269612,0.0254,0.0543,0.0367,0.1801,0.1484,0.0174,0.3149,0.095,0.2815,landslide
273170,0.254,0.0543,0.0682,0.4077,0.0041,0.0174,0.2328,0.095,0.006,landslide
273171,0.254,0.0002,0.0682,0.4077,0.0041,0.0174,0.3149,0.095,0.2815,landslide
276354,0.254,0.0002,0.0367,0.0032,0.5719,0.2263,0.3193,0.095,0.0079,landslide
275815,0.254,0.0002,0.0367,0.4077,0.5719,0.000932773,0.3149,0.095,0.0079,landslide
277848,0.0254,0.0543,0.0682,0.4077,0.1484,0.2263,0.3149,0.095,0.006,landslide
278064,0.3338,0.0543,0.0682,0.4077,0.009,0.0417,0.1381,0.2153,0.1678,landslide
279737,0.254,0.0002,0.0367,0.1801,0.1484,0.0174,0.3193,0.2153,0.2815,landslide
280828,0.254,0.0002,0.0367,0.1801,0.1484,0.0417,0.3149,0.2153,0.2815,landslide
280282,0.254,0.0543,0.0367,0.4077,0.1484,0.0417,0.3193,0.2153,0.1678,landslide
281911,0.3338,0.0543,0.0367,0.1801,0.1484,0.0417,0.1381,0.2153,0.2815,landslide
283369,2.0808,0.0002,0.0682,0.0032,0.5719,0.2263,0.3149,0.095,0.5389,landslide
284063,0.254,0.0002,0.0367,0.4077,0.0041,0.000932773,0.3149,0.095,0.1678,landslide
284627,0.254,0.0543,0.0682,0.4077,0.009,0.000932773,0.2328,0.2153,0.1678,landslide
285201,0.3338,0.0543,0.0367,0.1801,0.1484,0.0417,0.0183,0.2153,0.2815,landslide
285529,0.254,0.0543,0.0367,0.4077,0.1484,0.1029,0.3149,0.095,0.1678,landslide
286076,0.254,0.0543,0.0682,0.0032,0.1484,0.1029,0.2328,0.095,0.2815,landslide
286103,0.0254,0.0856,0.0682,0.1801,0.0041,0.2263,0.3149,0.095,0.0873,landslide
286356,0.254,0.0002,0.0682,0.0032,0.009,0.0174,0.3193,0.095,0.2815,landslide
286636,0.254,0.0002,0.0367,0.4077,0.009,0.1029,0.3149,0.095,0.2815,landslide
286869,0.254,0.0002,0.0682,0.1801,0.1484,0.0417,0.3193,0.2153,0.2815,landslide
287191,0.254,0.0543,0.0367,0.1801,0.009,0.2263,0.2328,0.095,0.006,landslide
287710,0.254,0.0002,0.0682,0.4077,0.009,0.1029,0.3149,0.095,0.1678,landslide
287725,0.254,0.0002,0.0367,0.4077,0.1484,0.1029,0.3149,0.095,0.006,landslide
287178,0.254,0.0543,0.0367,0.1801,0.009,0.1029,0.3149,0.095,0.0079,landslide
287883,0.254,0.0856,0.0682,0.0362,0.5719,0.2263,0.3149,0.095,0.5389,landslide
288003,0.0254,0.0002,0.0367,0.4077,0.009,0.0174,0.3193,0.095,0.1678,landslide
289021,0.254,0.0856,0.0682,0.0362,0.1484,0.000932773,0.3149,0.2153,0.5389,landslide
289105,0.0254,0.0856,0.0367,0.0362,0.009,0.0174,0.3149,0.095,0.1678,landslide
290657,0.254,0.0543,0.0367,0.4077,0.009,0.000932773,0.3149,0.095,0.1678,landslide
292825,0.254,0.0543,0.0367,0.2612,0.5719,0.2263,0.1381,0.095,0.2815,landslide
295023,0.254,0.0543,0.0367,0.0362,0.5719,0.2263,0.3193,0.095,0.1678,landslide
298406,0.254,0.0002,0.0682,0.0032,0.1484,0.0417,0.0183,0.2153,0.1678,landslide
302779,0.3338,0.0354,0.0367,0.1801,0.1484,0.0417,0.1025,0.2153,0.1678,landslide
304975,0.3338,0.0002,0.0367,0.4077,0.1484,0.0417,0.1381,0.2153,0.2815,landslide
305525,0.3338,0.0002,0.0367,0.4077,0.1484,0.0174,0.3193,0.2153,0.2815,landslide
306117,0.0254,0.0002,0.0682,0.1801,0.009,0.0174,0.2328,0.095,0.1678,landslide
308238,0.254,0.0002,0.0682,0.0362,0.1484,0.000932773,0.3149,0.2153,0.006,landslide
308784,0.254,0.0002,0.0682,0.0362,0.1484,0.000932773,0.3149,0.2153,0.5389,landslide
308842,0.254,0.0002,0.0367,0.0032,0.1484,0.0417,0.3149,0.2153,0.1678,landslide
309326,0.254,0.0002,0.0367,0.0362,0.009,0.000932773,0.3149,0.095,0.0079,landslide
309370,0.3338,0.0002,0.0367,0.1801,0.1484,0.0174,0.1025,0.2153,0.2815,landslide
309388,0.254,0.0002,0.0367,0.1801,0.009,0.0417,0.3149,0.2153,0.2815,landslide
311565,0.3338,0.0002,0.0367,0.4077,0.1484,0.0174,0.0183,0.2153,0.0079,landslide
313756,0.3338,0.0543,0.0367,0.4077,0.1484,0.0417,0.1025,0.2153,0.0079,landslide
312069,0.254,0.0002,0.0682,0.0032,0.009,0.000932773,0.2328,0.095,0.1678,landslide
315382,0.254,0.0002,0.0367,0.4077,0.1484,0.000932773,0.2328,0.2153,0.1678,landslide
315931,0.254,0.0856,0.0682,0.1801,0.1484,0.000932773,0.3193,0.2153,0.2815,landslide
315935,0.254,0.0856,0.0367,0.0032,0.1484,0.0417,0.3193,0.2153,0.006,landslide
317027,0.254,0.0856,0.0682,0.4077,0.1484,0.000932773,0.3193,0.2153,0.1678,landslide
320846,0.254,0.0002,0.0367,0.2612,0.009,0.2263,0.3193,0.095,0.1678,landslide
320326,0.254,0.0002,0.0682,0.1801,0.1484,0.000932773,0.1381,0.2153,0.2815,landslide
320890,0.3338,0.0543,0.0367,0.4077,0.1484,0.0417,0.1381,0.2153,0.2815,landslide
320913,0.3338,0.0002,0.0367,0.0362,0.009,0.0417,0.3149,0.2153,0.1678,landslide
322499,0.254,0.0543,0.0367,0.0362,0.009,0.2263,0.3193,0.095,0.2815,landslide
323106,0.3338,0.0002,0.0367,0.1801,0.1484,0.1029,0.1381,0.2153,0.2815,landslide
323670,0.254,0.0543,0.0367,0.0032,0.009,0.0417,0.2328,0.2153,0.2815,landslide
327241,0.254,0.0543,0.0682,0.0362,0.009,0.0174,0.3149,0.095,0.1678,landslide
328042,0.3338,0.0543,0.0367,0.4077,0.1484,0.0174,0.1381,0.2153,0.2815,landslide
329138,0.3338,0.0002,0.0367,0.4077,0.1484,0.0417,0.3193,0.2153,0.1678,landslide
330237,0.3338,0.0002,0.0367,0.4077,0.1484,0.0174,0.1381,0.2153,0.2815,landslide
330762,0.254,0.0856,0.0367,0.0362,0.1484,0.000932773,0.3149,0.2153,0.5389,landslide
331908,0.254,0.0856,0.0367,0.4077,0.009,0.0417,0.3193,0.2153,0.2815,landslide
332404,0.254,0.0002,0.0367,0.0032,0.1484,0.000932773,0.3193,0.2153,0.006,landslide
332436,0.3338,0.0856,0.0367,0.1801,0.1484,0.0174,0.3193,0.2153,0.1678,landslide
332453,0.254,0.0002,0.0682,0.1801,0.009,0.0417,0.3193,0.2153,0.2815,landslide
332987,0.254,0.0856,0.0367,0.0032,0.1484,0.0417,0.3149,0.2153,0.1678,landslide
336840,0.254,0.0002,0.0367,0.1801,0.009,0.0417,0.3149,0.2153,0.2815,landslide
334358,0.254,0.0543,0.0367,0.0032,0.1484,0.0174,0.3149,0.095,0.1678,landslide
334051,0.254,0.0002,0.0367,0.0362,0.009,0.000932773,0.3193,0.2153,0.1678,landslide
336014,0.254,0.0543,0.0367,0.2612,0.1484,0.0174,0.3149,0.095,0.5389,landslide
336276,0.3338,0.0543,0.0367,0.1801,0.1484,0.0174,0.1025,0.2153,0.2815,landslide
336552,0.254,0.0856,0.0682,0.0032,0.1484,0.0174,0.1381,0.095,0.006,landslide
342293,0.254,0.0002,0.0367,0.1801,0.1484,0.000932773,0.3193,0.2153,0.1678,landslide
337405,0.254,0.0856,0.0367,0.0362,0.1484,0.0417,0.3149,0.095,0.5389,landslide
341253,0.254,0.0856,0.0367,0.0362,0.1484,0.0174,0.3149,0.095,0.0079,landslide
341767,0.3338,0.0543,0.0367,0.1801,0.1484,0.0174,0.1025,0.2153,0.2815,landslide
344483,0.254,0.0543,0.0367,0.4077,0.009,0.000932773,0.3193,0.2153,0.1678,landslide
344563,0.254,0.0002,0.0367,0.2612,0.1484,0.0174,0.3193,0.095,0.1678,landslide
346207,0.0254,0.0002,0.0367,0.2612,0.1484,0.0174,0.3193,0.095,0.0079,landslide
348385,0.254,0.0002,0.0682,0.4077,0.1484,0.0417,0.3193,0.2153,0.1678,landslide
352758,0.3338,0.0543,0.0367,0.4077,0.1484,0.0417,0.1025,0.2153,0.2815,landslide
348335,0.254,0.0543,0.0367,0.1801,0.1484,0.000932773,0.3193,0.2153,0.0873,landslide
349366,0.0254,0.0002,0.0367,0.1077,0.5719,0.2263,0.3149,0.095,0.1678,landslide
350476,0.254,0.0856,0.0367,0.2612,0.5719,0.2263,0.3193,0.095,0.0079,landslide
351020,0.254,0.0543,0.0367,0.2612,0.5719,0.2263,0.3149,0.095,0.1678,landslide
356097,0.254,0.0856,0.0367,0.0032,0.1484,0.0005,0.3149,0.095,0.006,landslide
357201,0.254,0.0543,0.0367,0.0362,0.009,0.0005,0.3193,0.095,0.006,landslide
357745,0.254,0.0002,0.0682,0.0032,0.1484,0.0005,0.3193,0.095,0.1678,landslide
359881,0.254,0.0002,0.0367,0.1801,0.1484,0.0005,0.2328,0.2153,0.0079,landslide
361624,0.0254,0.0543,0.0367,0.1801,0.1484,0.0174,0.3193,0.095,0.1678,landslide
363213,0.254,0.0856,0.0682,0.1801,0.1484,0.0174,0.3193,0.2153,0.006,landslide
363215,0.254,0.0856,0.0367,0.1801,0.1484,0.0174,0.3149,0.2153,0.1678,landslide
365965,0.254,0.0856,0.0367,0.4077,0.009,0.0174,0.0183,0.2153,0.2815,landslide
364888,0.254,0.0856,0.0682,0.4077,0.009,0.0005,0.3193,0.095,0.1678,landslide
365370,0.254,0.0543,0.0367,0.4077,0.1484,0.0005,0.2328,0.2153,0.5389,landslide
367024,0.3338,0.0543,0.0367,0.1801,0.1484,0.0174,0.3149,0.2153,0.2815,landslide
368115,0.254,0.0002,0.0367,0.0032,0.1484,0.0005,0.1381,0.2153,0.1678,landslide
369767,0.3338,0.0002,0.0367,0.1801,0.1484,0.0174,0.3149,0.2153,0.0873,landslide
370910,0.254,0.0856,0.0682,0.1801,0.1484,0.0174,0.3193,0.095,0.1678,landslide
373607,0.3338,0.0354,0.0367,0.1801,0.1484,0.0174,0.1381,0.2153,0.0873,landslide
374704,0.3338,0.0002,0.0367,0.4077,0.1484,0.0174,0.3149,0.2153,0.006,landslide
377983,0.254,0.0856,0.0367,0.0032,0.009,0.2263,0.3149,0.2153,0.1678,landslide
376903,0.3338,0.0543,0.0367,0.1801,0.1484,0.0174,0.1025,0.2153,0.2815,landslide
379077,0.254,0.0002,0.0682,0.4077,0.009,0.2263,0.3193,0.2153,0.006,landslide
379650,0.3338,0.0002,0.0367,0.4077,0.1484,0.0174,0.1025,0.2153,0.1678,landslide
380723,0.254,0.0002,0.0367,0.0032,0.009,0.2263,0.3193,0.2153,0.1678,landslide
385144,0.3338,0.0354,0.0367,0.1801,0.1484,0.0174,0.1025,0.2153,0.1678,landslide
387350,0.254,0.0002,0.0367,0.2612,0.009,0.0174,0.3193,0.2153,0.2815,landslide
387868,0.254,0.0543,0.0367,0.2612,0.009,0.2263,0.3149,0.2153,0.1678,landslide
386322,0.254,0.0856,0.0682,0.4077,0.009,0.0005,0.3149,0.095,0.006,landslide
385631,0.254,0.0002,0.0682,0.2612,0.5719,0.000932773,0.3149,0.095,0.1678,landslide
385642,0.0254,0.0002,0.0367,0.2612,0.5719,0.000932773,0.3193,0.095,0.2815,landslide
389633,2.0808,0.0856,0.0367,0.4077,0.1484,0.0417,0.3193,0.095,0.2815,landslide
397815,0.254,0.0002,0.0367,0.2612,0.1484,0.0005,0.3193,0.095,0.2815,landslide
391806,0.254,0.0002,0.0367,0.0362,0.009,0.0005,0.2328,0.095,0.5389,landslide
393928,0.3338,0.0543,0.0367,0.1801,0.1484,0.0174,0.3149,0.2153,0.0873,landslide
393996,0.254,0.0856,0.0367,0.2612,0.0041,0.0005,0.3149,0.095,0.1678,landslide
394563,0.254,0.0002,0.0682,0.0032,0.1484,0.0174,0.3193,0.095,0.2815,landslide
395619,0.254,0.0856,0.0682,0.1077,0.1484,0.0005,0.3149,0.095,0.2815,landslide
396758,0.254,0.0856,0.0682,0.1801,0.1484,0.0174,0.3149,0.095,0.0079,landslide
399992,0.254,0.0856,0.0682,0.0032,0.1484,0.0174,0.3149,0.2153,0.2815,landslide
402737,0.254,0.0856,0.0682,0.4077,0.1484,0.0174,0.3193,0.2153,0.1678,landslide
404901,0.254,0.0856,0.0367,0.2612,0.1484,0.000932773,0.3149,0.2153,0.1678,landslide
404996,0.254,0.0002,0.0367,0.0032,0.1484,0.0174,0.3193,0.095,0.5389,landslide
405478,0.3338,0.0002,0.0367,0.4077,0.1484,0.0174,0.3193,0.2153,0.2815,landslide
409837,0.254,0.0002,0.0682,0.2612,0.009,0.000932773,0.3193,0.2153,0.1678,landslide
414771,0.254,0.0856,0.0682,0.2612,0.1484,0.2263,0.3193,0.2153,0.006,landslide
410459,0.0254,0.0856,0.0367,0.4077,0.009,0.0005,0.0183,0.095,0.1678,landslide
411012,0.254,0.0002,0.0367,0.4077,0.009,0.0005,0.3193,0.095,0.006,landslide
415923,0.0254,0.0002,0.0682,0.0032,0.1484,0.0174,0.3193,0.2153,0.006,landslide
413719,0.254,0.0856,0.0367,0.4077,0.1484,0.0174,0.3193,0.2153,0.0079,landslide
414799,0.3338,0.0543,0.0367,0.1801,0.1484,0.0174,0.1025,0.2153,0.2815,landslide
413767,0.254,0.0856,0.0682,0.0032,0.009,0.0005,0.3149,0.095,0.2815,landslide
419190,0.3338,0.0543,0.0367,0.4077,0.1484,0.0174,0.0104,0.2153,0.0079,landslide
428529,0.3338,0.0543,0.0367,0.1801,0.1484,0.0174,0.3149,0.2153,0.1678,landslide
427428,0.3338,0.0002,0.0367,0.1801,0.1484,0.000932773,0.1381,0.2153,0.1678,landslide
430721,0.254,0.0856,0.0682,0.0032,0.1484,0.000932773,0.3149,0.2153,0.006,landslide
432318,0.254,0.0002,0.0367,0.0032,0.0041,0.000932773,0.3193,0.095,0.0079,landslide
433422,0.254,0.0002,0.0367,0.1801,0.009,0.000932773,0.3193,0.095,0.0079,landslide
436174,0.254,0.0856,0.0682,0.4077,0.009,0.000932773,0.0183,0.095,0.2815,landslide
440040,0.254,0.0002,0.0367,0.0032,0.009,0.000932773,0.3149,0.2153,0.5389,landslide
442799,0.254,0.0002,0.0367,0.4077,0.009,0.000932773,0.3149,0.2153,0.2815,landslide
443356,0.3338,0.0543,0.0367,0.4077,0.1484,0.0174,0.1025,0.2153,0.2815,landslide
443890,0.254,0.0856,0.0367,0.0032,0.009,0.000932773,0.3193,0.2153,0.1678,landslide
444417,0.254,0.0856,0.0682,0.4077,0.1484,0.000932773,0.1381,0.2153,0.1678,landslide
445557,0.254,0.0002,0.0682,0.4077,0.1484,0.0174,0.0183,0.2153,0.1678,landslide
449936,0.3338,0.0002,0.0367,0.4077,0.009,0.000932773,0.3149,0.2153,0.1678,landslide
447124,0.254,0.0002,0.0367,0.4077,0.1484,0.000932773,0.3193,0.095,0.0079,landslide
448758,0.254,0.0002,0.0367,0.1801,0.009,0.000932773,0.3193,0.095,0.2815,landslide
449319,0.254,0.0543,0.0367,0.4077,0.1484,0.000932773,0.3193,0.095,0.1678,landslide
449852,0.254,0.0002,0.0682,0.1801,0.009,0.000932773,0.3193,0.095,0.1678,landslide
453169,0.254,0.0002,0.0682,0.1801,0.009,0.000932773,0.3193,0.095,0.2815,landslide
454270,0.254,0.0002,0.0682,0.4077,0.009,0.000932773,0.3193,0.095,0.2815,landslide
455965,0.254,0.0856,0.0682,0.1801,0.009,0.000932773,0.3149,0.2153,0.1678,landslide
456973,0.254,0.0002,0.0367,0.0032,0.5719,0.2263,0.3193,0.095,0.2815,landslide
460344,0.254,0.0002,0.0367,0.0032,0.1484,0.000932773,0.3193,0.2153,0.1678,landslide
462085,0.0254,0.0856,0.0682,0.0032,0.009,0.0005,0.3149,0.095,0.5389,landslide
462537,0.254,0.0002,0.0367,0.0032,0.1484,0.000932773,0.3193,0.2153,0.2815,landslide
468115,0.254,0.0002,0.0367,0.1801,0.1484,0.0005,0.3193,0.095,0.006,landslide
468652,0.254,0.0856,0.0682,0.4077,0.009,0.0174,0.3193,0.095,0.1678,landslide
469697,0.254,0.0856,0.0367,0.1801,0.009,0.000932773,0.3193,0.2153,0.2815,landslide
477998,0.254,0.0002,0.0367,0.0032,0.1484,0.0005,0.3193,0.095,0.1678,landslide
473001,0.3338,0.0354,0.0367,0.1801,0.009,0.000932773,0.3149,0.2153,0.2815,landslide
476316,0.254,0.0856,0.0682,0.4077,0.1484,0.0174,0.3149,0.2153,0.0873,landslide
476824,0.254,0.0856,0.0367,0.4077,0.0041,0.000932773,0.3193,0.2153,0.1678,landslide
481779,0.254,0.0856,0.0682,0.1801,0.0041,0.000932773,0.3193,0.2153,0.1678,landslide
479555,0.254,0.0856,0.0682,0.0032,0.009,0.000932773,0.3193,0.095,0.0079,landslide
490519,0.254,0.0856,0.0367,0.4077,0.009,0.000932773,0.3193,0.095,0.2815,landslide
483935,0.254,0.0856,0.0682,0.1801,0.1484,0.000932773,0.3193,0.095,0.2815,landslide
484543,0.3338,0.0856,0.0367,0.4077,0.1484,0.000932773,0.3149,0.2153,0.1678,landslide
484547,0.3338,0.0543,0.0367,0.4077,0.1484,0.000932773,0.1381,0.2153,0.1678,landslide
485595,0.254,0.0856,0.0682,0.0032,0.009,0.000932773,0.3149,0.095,0.1678,landslide
488950,0.254,0.0002,0.0682,0.1801,0.1484,0.0174,0.3193,0.2153,0.5389,landslide
490037,0.3338,0.0543,0.0367,0.4077,0.1484,0.000932773,0.3193,0.2153,0.2815,landslide
492219,0.254,0.0002,0.0682,0.4077,0.009,0.000932773,0.3193,0.2153,0.1678,landslide
492720,0.254,0.0002,0.0367,0.1801,0.009,0.000932773,0.3149,0.095,0.2815,landslide
498335,0.0254,0.0856,0.0682,0.0362,0.1484,0.0174,0.3149,0.095,0.006,landslide
498826,0.3338,0.0002,0.0367,0.4077,0.1484,0.000932773,0.1025,0.2153,0.1678,landslide
500398,0.254,0.0002,0.0367,0.1801,0.0041,0.000932773,0.3149,0.095,0.1678,landslide
500502,0.254,0.0002,0.0367,0.0362,0.1484,0.0174,0.0183,0.2153,0.1678,landslide
507067,0.3338,0.0354,0.0367,0.1801,0.1484,0.000932773,0.1025,0.2153,0.2815,landslide
505990,0.254,0.0856,0.0367,0.1801,0.009,0.0174,0.3193,0.2153,0.1678,landslide
507030,0.254,0.0856,0.0682,0.0032,0.009,0.000932773,0.3149,0.095,0.5389,landslide
508160,0.254,0.0856,0.0682,0.4077,0.1484,0.000932773,0.0183,0.2153,0.1678,landslide
510363,0.3338,0.0002,0.0367,0.4077,0.1484,0.000932773,0.0183,0.2153,0.2815,landslide
512534,0.254,0.0856,0.0367,0.4077,0.009,0.000932773,0.3149,0.2153,0.1678,landslide
512540,0.254,0.0543,0.0682,0.0032,0.009,0.000932773,0.3193,0.2153,0.1678,landslide
515795,0.254,0.0543,0.0367,0.0362,0.009,0.000932773,0.3193,0.095,0.006,landslide
519695,0.3338,0.0354,0.0367,0.4077,0.1484,0.000932773,0.1025,0.2153,0.1678,landslide
526851,0.254,0.0856,0.0682,0.0032,0.009,0.0174,0.3149,0.2153,0.006,landslide
529532,0.254,0.0002,0.0682,0.1801,0.009,0.000932773,0.3193,0.095,0.2815,landslide
520784,0.254,0.0543,0.0367,0.4077,0.009,0.000932773,0.3149,0.2153,0.1678,landslide
521387,0.254,0.0543,0.0367,0.4077,0.009,0.0005,0.3149,0.095,0.5389,landslide
527954,0.254,0.0856,0.0367,0.1801,0.009,0.0174,0.0183,0.2153,0.2815,landslide
530087,0.254,0.0002,0.0367,0.0032,0.009,0.000932773,0.3149,0.095,0.5389,landslide
530671,0.254,0.0002,0.0367,0.4077,0.009,0.000932773,0.3149,0.2153,0.5389,landslide
532280,0.254,0.0856,0.0367,0.1801,0.0041,0.000932773,0.3193,0.095,0.006,landslide
532321,0.3338,0.0543,0.0367,0.4077,0.1484,0.000932773,0.2328,0.2153,0.006,landslide
533927,0.254,0.0856,0.0367,0.1801,0.0041,0.2263,0.3193,0.095,0.006,landslide
534489,0.254,0.0002,0.0367,0.4077,0.0041,0.000932773,0.3193,0.2153,0.0079,landslide
534518,0.254,0.0856,0.0682,0.4077,0.1484,0.000932773,0.0183,0.2153,0.1678,landslide
536661,0.254,0.0856,0.0367,0.1801,0.5719,0.2263,0.3149,0.095,0.006,landslide
537212,0.0254,0.0856,0.0682,0.4077,0.5719,0.2263,0.3193,0.095,0.1678,landslide
537214,0.254,0.0002,0.0367,0.4077,0.5719,0.2263,0.3193,0.095,0.2815,landslide
537228,0.0254,0.0856,0.0682,0.1801,0.5719,0.000932773,0.3149,0.095,0.0079,landslide
537850,0.254,0.0856,0.0682,0.0032,0.1484,0.0005,0.0183,0.095,0.006,landslide
540057,0.254,0.0856,0.0367,0.1801,0.1484,0.0005,0.3149,0.095,0.2815,landslide
541653,0.3338,0.0543,0.0367,0.4077,0.1484,0.000932773,0.1381,0.2153,0.1678,landslide
542753,0.3338,0.0354,0.0367,0.4077,0.1484,0.0174,0.1025,0.2153,0.2815,landslide
548281,0.0254,0.0856,0.0367,0.4077,0.1484,0.0005,0.3149,0.095,0.1678,landslide
549370,0.0254,0.0856,0.0682,0.1801,0.1484,0.0174,0.0183,0.2153,0.0873,landslide
550401,0.254,0.0856,0.0367,0.0032,0.0041,0.2263,0.3149,0.095,0.5389,landslide
550409,0.254,0.0002,0.0367,0.0032,0.0041,0.000932773,0.3193,0.095,0.1678,landslide
549895,0.3338,0.0354,0.0367,0.4077,0.1484,0.0174,0.1025,0.2153,0.1678,landslide
553143,0.254,0.0856,0.0367,0.4077,0.009,0.2263,0.3193,0.095,0.2815,landslide
554240,0.254,0.0856,0.0367,0.4077,0.009,0.2263,0.0183,0.095,0.006,landslide
554286,0.3338,0.0354,0.0682,0.4077,0.1484,0.1029,0.1025,0.2153,0.2815,landslide
554868,0.0254,0.0002,0.0367,0.0032,0.1484,0.0005,0.3193,0.095,0.006,landslide
555416,0.0254,0.0002,0.0367,0.0032,0.1484,0.0005,0.3149,0.095,0.1678,landslide
568010,0.254,0.0856,0.0367,0.4077,0.1484,0.000932773,0.1381,0.2153,0.2815,landslide
558119,0.254,0.0002,0.0367,0.4077,0.009,0.000932773,0.3193,0.2153,0.5389,landslide
559223,0.254,0.0002,0.0367,0.4077,0.1484,0.000932773,0.3193,0.2153,0.1678,landslide
564660,0.254,0.0002,0.0367,0.1801,0.009,0.2263,0.3149,0.095,0.0079,landslide
571244,0.254,0.0002,0.0682,0.1801,0.009,0.000932773,0.3193,0.095,0.2815,landslide
565233,0.254,0.0002,0.0367,0.1801,0.009,0.000932773,0.3193,0.095,0.2815,landslide
565785,0.254,0.0543,0.0682,0.1801,0.009,0.000932773,0.3193,0.2153,0.2815,landslide
565812,0.254,0.0856,0.0367,0.1801,0.1484,0.000932773,0.0183,0.2153,0.0079,landslide
569611,0.254,0.0856,0.0367,0.0032,0.009,0.000932773,0.3149,0.095,0.1678,landslide
570173,0.254,0.0543,0.0367,0.4077,0.009,0.000932773,0.2328,0.095,0.1678,landslide
570682,0.254,0.0543,0.0367,0.4077,0.5719,0.2263,0.3149,0.095,0.0873,landslide
570701,0.254,0.0002,0.0367,0.0032,0.009,0.000932773,0.3193,0.095,0.2815,landslide
11200,0.254,0.0856,0.0682,0.2612,0.009,0.000932773,0.3149,0.095,0.5389,nonelandslide
15574,0.254,0.0856,0.0682,0.1077,0.0041,0.000932773,0.3149,0.095,0.5389,nonelandslide
16662,2.0808,0.0543,0.0682,2.3333,0.5719,0.000932773,0.3149,0.095,0.5389,nonelandslide
45241,0.254,0.0856,0.0367,0.2612,0.1484,0.000932773,0.3149,0.095,0.5389,nonelandslide
31565,0.3338,0.0543,0.0367,0.1801,0.1484,0.1029,0.3193,0.0511,0.1678,nonelandslide
31570,0.3338,0.0543,0.0367,0.1801,0.009,0.1029,0.3193,0.0511,0.0079,nonelandslide
18326,0.254,0.0856,0.0682,0.2612,0.009,0.000932773,0.3149,0.095,0.0079,nonelandslide
19959,0.0254,0.0543,0.0367,0.1077,0.5719,0.000932773,0.3149,0.095,0.5389,nonelandslide
21061,0.0254,0.0002,0.0367,0.2612,0.5719,0.000932773,0.3149,0.095,0.5389,nonelandslide
21624,0.254,0.0002,0.0682,0.0362,0.009,0.000932773,0.3149,0.095,0.0079,nonelandslide
23278,0.254,0.0856,0.0367,0.0362,0.1484,0.000932773,0.3149,0.095,0.0079,nonelandslide
38599,2.0808,0.0002,0.0682,2.3333,0.5719,0.000932773,0.3149,0.095,0.5389,nonelandslide
33222,0.3338,0.0543,0.0367,0.1801,0.009,0.1029,0.3193,0.0511,0.006,nonelandslide
34231,0.0254,0.0543,0.0367,2.3333,0.5719,0.000932773,0.3149,0.095,0.5389,nonelandslide
35365,0.254,0.0002,0.0682,0.0362,0.009,0.000932773,0.3149,0.095,0.0079,nonelandslide
36458,0.254,0.0856,0.0367,0.2612,0.1484,0.000932773,0.3149,0.095,0.006,nonelandslide
38638,0.0254,0.0002,0.0682,0.1077,0.009,0.000932773,0.3149,0.095,0.5389,nonelandslide
38652,0.254,0.0543,0.0682,0.2612,0.1484,0.000932773,0.3149,0.095,0.5389,nonelandslide
40815,2.0808,0.0002,0.0367,2.3333,0.5719,0.000932773,0.3149,0.095,0.5389,nonelandslide
41374,2.0808,0.0856,0.0682,2.3333,0.0041,0.000932773,0.3149,0.095,0.5389,nonelandslide
43616,0.254,0.0543,0.0682,0.1801,0.1484,0.000932773,0.3193,0.0511,0.5389,nonelandslide
44680,0.0254,0.0856,0.0682,2.3333,0.009,0.000932773,0.3149,0.095,0.5389,nonelandslide
45786,0.254,0.0856,0.0367,0.2612,0.1484,0.000932773,0.3149,0.095,0.5389,nonelandslide
47979,0.0254,0.0002,0.0367,0.1077,0.1484,0.000932773,0.3149,0.095,0.5389,nonelandslide
48516,0.0254,0.0856,0.0367,2.3333,0.009,0.000932773,0.3149,0.095,0.0873,nonelandslide
51814,0.0254,0.0543,0.0367,2.3333,0.009,0.000932773,0.3149,0.095,0.5389,nonelandslide
52897,0.254,0.0002,0.0682,2.3333,0.5719,0.000932773,0.3149,0.095,0.0079,nonelandslide
60109,0.254,0.0002,0.0367,0.0032,0.1484,0.0174,0.3193,0.0511,0.0079,nonelandslide
62236,2.0808,0.0002,0.0682,2.3333,0.5719,0.000932773,0.3149,0.095,0.5389,nonelandslide
63342,0.0254,0.0002,0.0367,2.3333,0.009,0.000932773,0.3149,0.095,0.5389,nonelandslide
63895,0.254,0.0856,0.0367,2.3333,0.009,0.000932773,0.3149,0.095,0.5389,nonelandslide
66076,0.0254,0.0856,0.0682,2.3333,0.5719,0.000932773,0.3149,0.095,0.5389,nonelandslide
74322,2.0808,0.0856,0.0682,0.2612,0.5719,0.000932773,0.3149,0.095,0.5389,nonelandslide
72749,0.3338,0.0856,0.0367,0.1801,0.009,0.0174,0.3149,0.0511,0.0079,nonelandslide
88626,0.254,0.0856,0.0367,0.2612,0.1484,0.000932773,0.3149,0.095,0.006,nonelandslide
73302,0.3338,0.0354,0.0367,0.0032,0.0041,0.1029,0.1381,0.0511,0.2815,nonelandslide
77621,0.0254,0.0856,0.0367,0.2612,0.0041,0.000932773,0.3149,0.095,0.5389,nonelandslide
77625,0.254,0.0002,0.0367,0.0362,0.0041,0.000932773,0.3149,0.095,0.006,nonelandslide
83136,0.254,0.0543,0.0682,0.2612,0.1484,0.000932773,0.3149,0.095,0.0079,nonelandslide
97341,2.0808,0.0002,0.0367,2.3333,0.5719,0.2263,0.3149,0.095,0.0873,nonelandslide
101733,2.0808,0.0856,0.0367,2.3333,0.5719,0.2263,0.3149,0.095,0.0873,nonelandslide
105078,2.0808,0.0856,0.0682,2.3333,0.0041,0.000932773,0.3149,0.095,0.0079,nonelandslide
107827,0.0254,0.0002,0.0367,0.1077,0.009,0.000932773,0.3149,0.095,0.5389,nonelandslide
108995,0.254,0.0002,0.0682,0.2612,0.1484,0.0174,0.3149,0.0511,0.0079,nonelandslide
110235,2.0808,0.0543,0.0367,0.2612,0.009,0.0174,0.3149,0.095,0.5389,nonelandslide
111059,2.0808,0.0002,0.0682,2.3333,0.009,0.2263,0.3149,0.095,0.1678,nonelandslide
111821,2.0808,0.0543,0.0367,0.2612,0.1484,0.0065,0.3149,0.095,0.5389,nonelandslide
116081,0.254,0.0856,0.0367,0.0362,0.1484,0.000932773,0.3149,0.095,0.0079,nonelandslide
117370,2.0808,0.0002,0.0367,0.0032,0.009,0.0174,0.3149,0.095,0.1678,nonelandslide
117681,2.0808,0.0856,0.0682,2.3333,0.5719,0.000932773,0.3149,0.095,0.5389,nonelandslide
118785,0.254,0.0856,0.0367,2.3333,0.5719,0.000932773,0.3149,0.095,0.0079,nonelandslide
120646,2.0808,0.0002,0.0367,0.0362,0.1484,0.0174,0.3149,0.095,0.5389,nonelandslide
120103,2.0808,0.0002,0.0682,0.0362,0.009,0.0174,0.3149,0.095,0.5389,nonelandslide
120443,0.254,0.0856,0.0682,0.2612,0.5719,0.000932773,0.3149,0.095,0.0079,nonelandslide
120447,0.254,0.0856,0.0367,0.2612,0.5719,0.000932773,0.3149,0.095,0.5389,nonelandslide
121777,2.0808,0.0543,0.0682,0.0032,0.009,0.0174,0.3149,0.095,0.5389,nonelandslide
127533,2.0808,0.0856,0.0367,2.3333,0.009,0.2263,0.3149,0.095,0.5389,nonelandslide
124467,2.0808,0.0002,0.0367,0.0362,0.009,0.000932773,0.3149,0.095,0.0079,nonelandslide
124495,2.0808,0.0002,0.0367,0.2612,0.1484,0.0174,0.3149,0.095,0.5389,nonelandslide
128152,0.254,0.0856,0.0367,0.2612,0.009,0.000932773,0.3149,0.095,0.0079,nonelandslide
130931,0.3338,0.0856,0.0367,0.0032,0.1484,0.0417,0.0183,0.0511,0.2815,nonelandslide
131364,2.0808,0.0856,0.0367,2.3333,0.009,0.2263,0.3149,0.095,0.0079,nonelandslide
138033,0.254,0.0856,0.0682,0.2612,0.009,0.000932773,0.3149,0.095,0.1678,nonelandslide
138849,2.0808,0.0856,0.0367,0.2612,0.5719,0.0005,0.3149,0.095,0.5389,nonelandslide
140400,2.0808,0.0856,0.0367,0.2612,0.1484,0.0174,0.3149,0.095,0.5389,nonelandslide
140964,2.0808,0.0543,0.0367,0.2612,0.009,0.0174,0.3149,0.095,0.0873,nonelandslide
141473,2.0808,0.0856,0.0682,0.2612,0.009,0.000932773,0.3149,0.095,0.5389,nonelandslide
145721,0.254,0.0856,0.0682,0.2612,0.009,0.000932773,0.3149,0.095,0.5389,nonelandslide
147344,2.0808,0.0002,0.0682,2.3333,0.5719,0.000932773,0.3149,0.095,0.5389,nonelandslide
150413,2.0808,0.0856,0.0682,0.2612,0.1484,0.000932773,0.3149,0.095,0.0079,nonelandslide
157541,2.0808,0.0002,0.0682,0.0362,0.1484,0.000932773,0.3149,0.095,0.006,nonelandslide
161551,2.0808,0.0543,0.0367,2.3333,0.009,0.2263,0.3149,0.095,0.5389,nonelandslide
158568,2.0808,0.0354,0.0367,0.2612,0.5719,0.0417,0.0183,0.095,0.5389,nonelandslide
158892,0.254,0.0856,0.0367,0.1077,0.009,0.000932773,0.3149,0.095,0.5389,nonelandslide
168134,2.0808,0.0543,0.0367,2.3333,0.009,0.2263,0.3149,0.095,0.5389,nonelandslide
164563,2.0808,0.0856,0.0367,0.1077,0.009,0.0174,0.3149,0.095,0.5389,nonelandslide
164659,0.0254,0.0002,0.0682,0.1801,0.1484,0.000932773,0.3193,0.095,0.1678,nonelandslide
165483,0.254,0.0002,0.0367,0.2612,0.009,0.000932773,0.3149,0.095,0.0079,nonelandslide
162085,2.0808,0.0543,0.0682,2.3333,0.1484,0.0174,0.3149,0.095,0.5389,nonelandslide
162661,2.0808,0.0002,0.0367,2.3333,0.0041,0.2263,0.3149,0.095,0.5389,nonelandslide
162838,0.254,0.0543,0.0682,0.1801,0.1484,0.0417,0.3193,0.095,0.0079,nonelandslide
165061,0.254,0.0002,0.0682,0.0032,0.009,0.000932773,0.3193,0.095,0.1678,nonelandslide
167119,0.254,0.0856,0.0682,2.3333,0.009,0.000932773,0.3149,0.095,0.5389,nonelandslide
167675,0.254,0.0002,0.0367,0.1077,0.009,0.000932773,0.3149,0.095,0.5389,nonelandslide
167688,0.254,0.0856,0.0367,0.2612,0.1484,0.000932773,0.3149,0.0511,0.1678,nonelandslide
167972,2.0808,0.0002,0.0367,0.0362,0.1484,0.000932773,0.3149,0.095,0.006,nonelandslide
168408,0.0254,0.0002,0.0367,0.2612,0.009,0.0005,0.3149,0.095,0.5389,nonelandslide
168735,2.0808,0.0543,0.0367,2.3333,0.5719,0.2263,0.3149,0.095,0.5389,nonelandslide
171985,2.0808,0.0543,0.0367,2.3333,0.0041,0.2263,0.3149,0.095,0.0079,nonelandslide
172358,2.0808,0.0002,0.0367,0.0032,0.1484,0.000932773,0.3149,0.095,0.5389,nonelandslide
171007,0.3338,0.0543,0.0682,0.0032,0.009,0.1029,0.2328,0.0511,0.2815,nonelandslide
172797,0.0254,0.0002,0.0682,0.2612,0.009,0.0005,0.3149,0.095,0.5389,nonelandslide
175380,0.254,0.0856,0.0682,0.2612,0.1484,0.000932773,0.3149,0.0511,0.5389,nonelandslide
179940,2.0808,0.0543,0.0367,0.0362,0.009,0.0005,0.3149,0.095,0.006,nonelandslide
177674,0.254,0.0856,0.0367,0.0362,0.1484,0.000932773,0.3149,0.095,0.0079,nonelandslide
178641,2.0808,0.0856,0.0367,2.3333,0.5719,0.000932773,0.3149,0.095,0.006,nonelandslide
178683,0.254,0.0002,0.0367,0.2612,0.1484,0.000932773,0.3149,0.0511,0.1678,nonelandslide
179119,2.0808,0.0543,0.0682,2.3333,0.5719,0.2263,0.3149,0.095,0.0079,nonelandslide
180310,0.254,0.0002,0.0367,0.1077,0.1484,0.000932773,0.3193,0.0511,0.0079,nonelandslide
181516,0.254,0.0002,0.0682,0.1801,0.1484,0.000932773,0.3149,0.095,0.0079,nonelandslide
183279,0.254,0.0856,0.0367,0.1801,0.009,0.0417,0.3149,0.095,0.006,nonelandslide
183706,0.254,0.0354,0.0367,0.1801,0.009,0.0174,0.3149,0.095,0.5389,nonelandslide
186492,0.254,0.0856,0.0682,0.1801,0.1484,0.0005,0.3149,0.095,0.006,nonelandslide
189090,0.254,0.0002,0.0682,0.2612,0.009,0.000932773,0.3149,0.0511,0.2815,nonelandslide
188698,0.254,0.0856,0.0367,0.1801,0.1484,0.0174,0.3149,0.095,0.006,nonelandslide
190958,0.0254,0.0002,0.0682,0.2612,0.009,0.0174,0.3149,0.095,0.5389,nonelandslide
191403,0.0254,0.0002,0.0367,0.1801,0.1484,0.000932773,0.3193,0.095,0.1678,nonelandslide
191929,0.0254,0.0543,0.0682,0.0032,0.009,0.0174,0.3149,0.095,0.5389,nonelandslide
192588,0.254,0.0002,0.0682,0.1801,0.009,0.0174,0.3149,0.095,0.006,nonelandslide
195896,2.0808,0.0856,0.0682,0.2612,0.009,0.0174,0.0183,0.095,0.2815,nonelandslide
195068,0.0254,0.0002,0.0682,2.3333,0.5719,0.2263,0.3149,0.095,0.5389,nonelandslide
196699,2.0808,0.0543,0.0682,2.3333,0.5719,0.2263,0.3149,0.095,0.0873,nonelandslide
203020,0.254,0.0002,0.0367,0.1801,0.1484,0.0417,0.3193,0.095,0.2815,nonelandslide
205511,0.0254,0.0543,0.0682,0.2612,0.5719,0.2263,0.3149,0.095,0.0873,nonelandslide
206204,0.254,0.0002,0.0682,0.1801,0.1484,0.0417,0.3193,0.095,0.1678,nonelandslide
206322,0.0254,0.0002,0.0367,0.2612,0.1484,0.0174,0.3149,0.095,0.006,nonelandslide
209093,0.254,0.0543,0.0682,0.1801,0.009,0.000932773,0.3149,0.095,0.1678,nonelandslide
209585,0.254,0.0002,0.0367,0.2612,0.5719,0.0174,0.3193,0.095,0.1678,nonelandslide
210038,0.254,0.0002,0.0367,0.1801,0.1484,0.0417,0.3149,0.095,0.0079,nonelandslide
210449,0.254,0.0543,0.0367,0.2612,0.5719,0.2263,0.3149,0.095,0.0079,nonelandslide
213837,0.254,0.0543,0.0367,0.4077,0.009,0.0174,0.3149,0.0511,0.2815,nonelandslide
212833,2.0808,0.0543,0.0682,0.2612,0.009,0.0174,0.3149,0.095,0.5389,nonelandslide
214056,2.0808,0.0856,0.0682,0.2612,0.009,0.000932773,0.3149,0.095,0.5389,nonelandslide
214610,2.0808,0.0002,0.0682,0.2612,0.1484,0.000932773,0.3149,0.095,0.5389,nonelandslide
214812,2.0808,0.0002,0.0367,2.3333,0.5719,0.2263,0.3149,0.095,0.0873,nonelandslide
214424,0.254,0.0856,0.0367,0.0362,0.009,0.0417,0.3149,0.095,0.006,nonelandslide
216167,0.0254,0.0856,0.0367,0.2612,0.5719,0.0174,0.3149,0.095,0.1678,nonelandslide
216745,2.0808,0.0543,0.0682,0.2612,0.0041,0.0174,0.0183,0.095,0.1678,nonelandslide
217578,0.254,0.0856,0.0367,0.2612,0.5719,0.2263,0.3149,0.095,0.5389,nonelandslide
222127,2.0808,0.0856,0.0367,0.0362,0.1484,0.000932773,0.0183,0.095,0.5389,nonelandslide
218390,2.0808,0.0856,0.0367,0.2612,0.5719,0.0174,0.3149,0.095,0.0079,nonelandslide
220482,0.0254,0.0856,0.0682,0.0362,0.1484,0.000932773,0.0183,0.095,0.0079,nonelandslide
223150,0.254,0.0543,0.0367,0.1801,0.1484,0.0174,0.3193,0.0511,0.2815,nonelandslide
223172,0.254,0.0856,0.0682,0.0362,0.1484,0.0174,0.3149,0.0511,0.0079,nonelandslide
221078,2.0808,0.0002,0.0367,0.2612,0.009,0.0174,0.3149,0.095,0.006,nonelandslide
221634,2.0808,0.0543,0.0682,0.1077,0.009,0.0174,0.3149,0.095,0.1678,nonelandslide
224386,2.0808,0.0543,0.0682,0.2612,0.0041,0.0005,0.3149,0.095,0.5389,nonelandslide
224886,2.0808,0.0543,0.0367,0.2612,0.1484,0.0005,0.3149,0.095,0.0079,nonelandslide
224942,2.0808,0.0002,0.0367,0.2612,0.5719,0.0417,0.3149,0.095,0.0079,nonelandslide
224984,2.0808,0.0856,0.0682,0.2612,0.5719,0.0174,0.3149,0.095,0.0079,nonelandslide
225264,0.254,0.0002,0.0367,0.0362,0.5719,0.000932773,0.3149,0.095,0.0873,nonelandslide
225320,0.254,0.0856,0.0682,0.1801,0.009,0.000932773,0.3149,0.0511,0.5389,nonelandslide
225520,2.0808,0.0002,0.0682,0.2612,0.5719,0.0174,0.0183,0.095,0.0873,nonelandslide
226376,0.254,0.0856,0.0367,0.1801,0.5719,0.000932773,0.3149,0.095,0.2815,nonelandslide
227742,0.0254,0.0856,0.0682,0.2612,0.0041,0.0005,0.3149,0.095,0.5389,nonelandslide
229272,2.0808,0.0543,0.0367,0.1077,0.1484,0.0174,0.3149,0.095,0.0079,nonelandslide
230965,2.0808,0.0543,0.0682,0.2612,0.0041,0.0174,0.0183,0.095,0.1678,nonelandslide
234630,0.254,0.0543,0.0367,0.0032,0.0041,0.000932773,0.3149,0.095,0.0873,nonelandslide
234790,2.0808,0.0543,0.0367,0.0362,0.1484,0.0174,0.3149,0.095,0.0079,nonelandslide
236221,2.0808,0.0856,0.0367,0.2612,0.5719,0.2263,0.3149,0.095,0.5389,nonelandslide
237907,0.254,0.0856,0.0367,0.0362,0.5719,0.000932773,0.3193,0.095,0.0873,nonelandslide
239762,2.0808,0.0543,0.0367,0.1801,0.5719,0.0417,0.3149,0.095,0.5389,nonelandslide
241218,0.254,0.0002,0.0367,0.1801,0.5719,0.2263,0.3149,0.095,0.1678,nonelandslide
241843,0.254,0.0856,0.0367,0.0362,0.1484,0.0174,0.3149,0.2153,0.006,nonelandslide
242455,2.0808,0.0856,0.0367,0.1077,0.1484,0.0005,0.3149,0.095,0.006,nonelandslide
243120,0.0254,0.0543,0.0367,0.1801,0.5719,0.000932773,0.3149,0.095,0.5389,nonelandslide
243043,2.0808,0.0354,0.0367,0.0032,0.5719,0.0174,0.3149,0.095,0.006,nonelandslide
244225,2.0808,0.0543,0.0682,0.0032,0.0041,0.000932773,0.3149,0.095,0.006,nonelandslide
245753,2.0808,0.0856,0.0367,2.3333,0.1484,0.0005,0.3149,0.095,0.5389,nonelandslide
246671,0.0254,0.0002,0.0367,0.0032,0.5719,0.000932773,0.3149,0.095,0.0873,nonelandslide
247145,2.0808,0.0543,0.0682,0.1077,0.5719,0.2263,0.3149,0.095,0.5389,nonelandslide
255105,2.0808,0.0002,0.0367,2.3333,0.1484,0.0174,0.3149,0.095,0.0873,nonelandslide
258374,2.0808,0.0543,0.0367,0.2612,0.1484,0.0005,0.3149,0.095,0.5389,nonelandslide
260423,2.0808,0.0543,0.0682,0.2612,0.5719,0.2263,0.3149,0.095,0.0079,nonelandslide
262631,0.0254,0.0002,0.0682,0.0362,0.5719,0.000932773,0.3149,0.095,0.1678,nonelandslide
265925,0.0254,0.0543,0.0367,0.2612,0.5719,0.000932773,0.3149,0.095,0.5389,nonelandslide
262811,2.0808,0.0543,0.0682,2.3333,0.0041,0.0174,0.3149,0.095,0.2815,nonelandslide
263190,0.254,0.0002,0.0682,0.0032,0.0041,0.000932773,0.3149,0.095,0.5389,nonelandslide
263591,2.0808,0.0543,0.0367,0.2612,0.009,0.2263,0.3149,0.095,0.5389,nonelandslide
268138,0.254,0.0002,0.0682,0.0362,0.0041,0.000932773,0.3149,0.095,0.5389,nonelandslide
266462,2.0808,0.0002,0.0682,0.2612,0.5719,0.2263,0.3149,0.095,0.0079,nonelandslide
267993,2.0808,0.0543,0.0682,0.1801,0.5719,0.2263,0.3149,0.095,0.5389,nonelandslide
273625,0.254,0.0002,0.0367,0.1801,0.5719,0.000932773,0.3193,0.095,0.1678,nonelandslide
273760,2.0808,0.0543,0.0682,0.2612,0.009,0.0005,0.3149,0.095,0.0079,nonelandslide
275427,2.0808,0.0002,0.0367,2.3333,0.009,0.0174,0.3149,0.095,0.5389,nonelandslide
279198,0.254,0.0856,0.0682,0.2612,0.009,0.0174,0.0183,0.095,0.006,nonelandslide
279085,2.0808,0.0856,0.0367,0.2612,0.5719,0.2263,0.3149,0.095,0.006,nonelandslide
282480,0.254,0.0856,0.0682,0.1801,0.1484,0.0174,0.0183,0.2153,0.1678,nonelandslide
279754,0.254,0.0856,0.0682,0.0362,0.009,0.0174,0.3193,0.095,0.1678,nonelandslide
280213,0.254,0.0543,0.0367,0.0032,0.5719,0.000932773,0.1381,0.095,0.2815,nonelandslide
280967,2.0808,0.0543,0.0682,0.0032,0.009,0.0174,0.3149,0.095,0.1678,nonelandslide
281491,2.0808,0.0543,0.0367,0.2612,0.5719,0.0417,0.3149,0.095,0.5389,nonelandslide
281500,2.0808,0.0002,0.0367,0.2612,0.5719,0.0174,0.3149,0.095,0.5389,nonelandslide
281858,0.254,0.0856,0.0367,0.1801,0.5719,0.000932773,0.3149,0.095,0.1678,nonelandslide
282397,0.254,0.0856,0.0682,0.0032,0.5719,0.2263,0.3149,0.095,0.5389,nonelandslide
282555,2.0808,0.0856,0.0682,0.1077,0.1484,0.0174,0.3149,0.095,0.0079,nonelandslide
282562,2.0808,0.0002,0.0367,2.3333,0.1484,0.0174,0.3149,0.095,0.0079,nonelandslide
283590,0.254,0.0856,0.0367,0.1801,0.009,0.0174,0.3149,0.095,0.0079,nonelandslide
284147,0.254,0.0856,0.0682,0.0032,0.0041,0.0174,0.3149,0.095,0.1678,nonelandslide
287450,0.254,0.0002,0.0367,0.1801,0.009,0.0174,0.3149,0.095,0.5389,nonelandslide
286979,2.0808,0.0543,0.0367,0.1077,0.5719,0.0417,0.3149,0.095,0.5389,nonelandslide
287958,0.254,0.0002,0.0682,0.0362,0.009,0.0417,0.3193,0.2153,0.006,nonelandslide
289087,2.0808,0.0856,0.0367,0.0362,0.009,0.0174,0.3149,0.095,0.1678,nonelandslide
288518,0.254,0.0002,0.0682,0.0032,0.1484,0.0417,0.3149,0.2153,0.1678,nonelandslide
289102,0.0254,0.0002,0.0367,0.0032,0.009,0.0174,0.3149,0.095,0.2815,nonelandslide
295120,0.0254,0.0002,0.0367,0.0032,0.009,0.0174,0.0183,0.095,0.0873,nonelandslide
292929,2.0808,0.0543,0.0367,0.1801,0.009,0.0174,0.3149,0.095,0.5389,nonelandslide
292473,2.0808,0.0002,0.0367,0.1077,0.5719,0.0174,0.3149,0.095,0.006,nonelandslide
293463,0.254,0.0856,0.0682,0.1801,0.1484,0.0174,0.0183,0.2153,0.5389,nonelandslide
294082,0.0254,0.0856,0.0682,2.3333,0.1484,0.0174,0.3149,0.095,0.006,nonelandslide
293583,2.0808,0.0543,0.0367,0.2612,0.009,0.0174,0.3149,0.095,0.1678,nonelandslide
296256,2.0808,0.0856,0.0682,0.1077,0.1484,0.0005,0.3149,0.095,0.5389,nonelandslide
296278,2.0808,0.0856,0.0682,2.3333,0.1484,0.0174,0.3193,0.095,0.1678,nonelandslide
299617,2.0808,0.0543,0.0682,2.3333,0.009,0.0174,0.3149,0.095,0.1678,nonelandslide
298872,0.254,0.0856,0.0682,0.0032,0.5719,0.2263,0.3149,0.095,0.0873,nonelandslide
298461,2.0808,0.0543,0.0367,2.3333,0.009,0.0005,0.3149,0.095,0.0079,nonelandslide
299055,2.0808,0.0543,0.0367,2.3333,0.5719,0.0417,0.3149,0.095,0.0079,nonelandslide
303471,2.0808,0.0543,0.0682,0.1077,0.1484,0.000932773,0.3149,0.095,0.5389,nonelandslide
302187,0.254,0.0002,0.0682,0.2612,0.009,0.000932773,0.3149,0.095,0.5389,nonelandslide
302297,2.0808,0.0002,0.0367,0.1077,0.1484,0.0005,0.3149,0.095,0.0079,nonelandslide
302304,2.0808,0.0002,0.0682,2.3333,0.009,0.0005,0.0183,0.095,0.006,nonelandslide
303399,2.0808,0.0856,0.0367,0.1077,0.009,0.0005,0.0183,0.095,0.006,nonelandslide
303411,2.0808,0.0002,0.0367,2.3333,0.1484,0.0005,0.3149,0.095,0.5389,nonelandslide
304346,0.0254,0.0856,0.0367,0.1077,0.5719,0.2263,0.3149,0.095,0.5389,nonelandslide
305465,0.254,0.0856,0.0367,0.2612,0.0041,0.2263,0.3149,0.095,0.5389,nonelandslide
307652,0.0254,0.0856,0.0367,0.2612,0.009,0.2263,0.3149,0.095,0.5389,nonelandslide
307300,2.0808,0.0856,0.0367,2.3333,0.009,0.0174,0.3149,0.095,0.006,nonelandslide
307664,0.254,0.0856,0.0682,0.2612,0.009,0.2263,0.3149,0.095,0.006,nonelandslide
307737,0.254,0.0856,0.0367,0.0032,0.009,0.0417,0.3149,0.2153,0.5389,nonelandslide
308748,2.0808,0.0856,0.0682,0.1077,0.0041,0.2263,0.3149,0.095,0.5389,nonelandslide
312741,2.0808,0.0354,0.0682,2.3333,0.009,0.0005,0.3149,0.095,0.5389,nonelandslide
312452,2.0808,0.0856,0.0367,2.3333,0.0041,0.2263,0.3149,0.095,0.0079,nonelandslide
318210,0.0254,0.0856,0.0682,0.2612,0.009,0.0174,0.3149,0.095,0.5389,nonelandslide
319172,2.0808,0.0856,0.0682,2.3333,0.0041,0.2263,0.3149,0.095,0.0079,nonelandslide
323599,0.254,0.0543,0.0367,0.0032,0.009,0.2263,0.3149,0.095,0.2815,nonelandslide
327060,2.0808,0.0856,0.0682,2.3333,0.009,0.0174,0.3149,0.095,0.0079,nonelandslide
329659,0.254,0.0856,0.0367,0.1801,0.1484,0.000932773,0.3149,0.2153,0.006,nonelandslide
330777,0.254,0.0856,0.0367,0.0362,0.009,0.0417,0.3149,0.2153,0.0079,nonelandslide
332021,2.0808,0.0543,0.0367,2.3333,0.1484,0.000932773,0.0183,0.095,0.1678,nonelandslide
332526,2.0808,0.0856,0.0367,0.2612,0.009,0.0174,0.3149,0.095,0.1678,nonelandslide
332998,0.254,0.0002,0.0682,0.1801,0.009,0.0417,0.3193,0.2153,0.006,nonelandslide
336026,2.0808,0.0002,0.0367,0.2612,0.009,0.2263,0.3149,0.095,0.5389,nonelandslide
335858,2.0808,0.0543,0.0367,2.3333,0.1484,0.000932773,0.0183,0.095,0.1678,nonelandslide
338977,0.254,0.0543,0.0367,0.0362,0.0041,0.2263,0.3149,0.095,0.5389,nonelandslide
339974,2.0808,0.0002,0.0682,2.3333,0.5719,0.2263,0.3149,0.095,0.0873,nonelandslide
341318,2.0808,0.0856,0.0682,0.2612,0.009,0.0005,0.3149,0.095,0.5389,nonelandslide
341541,2.0808,0.0002,0.0682,2.3333,0.009,0.2263,0.3149,0.095,0.0079,nonelandslide
342251,0.254,0.0856,0.0367,0.1077,0.5719,0.2263,0.3149,0.095,0.5389,nonelandslide
344991,2.0808,0.0543,0.0682,0.2612,0.5719,0.2263,0.3149,0.095,0.5389,nonelandslide
345477,2.0808,0.0543,0.0367,2.3333,0.5719,0.2263,0.3149,0.095,0.1678,nonelandslide
346473,2.0808,0.0002,0.0367,0.1077,0.009,0.2263,0.3149,0.095,0.5389,nonelandslide
346123,0.254,0.0543,0.0682,0.0362,0.009,0.2263,0.3149,0.095,0.5389,nonelandslide
347926,2.0808,0.0856,0.0367,0.2612,0.1484,0.0417,0.3149,0.095,0.5389,nonelandslide
349356,2.0808,0.0856,0.0682,2.3333,0.5719,0.2263,0.3149,0.095,0.0079,nonelandslide
348754,2.0808,0.0856,0.0367,2.3333,0.5719,0.2263,0.3149,0.3967,0.0873,nonelandslide
348773,2.0808,0.0002,0.0367,2.3333,0.5719,0.2263,0.3149,0.095,0.2815,nonelandslide
349890,2.0808,0.0543,0.0367,2.3333,0.5719,0.2263,0.3149,0.095,0.5389,nonelandslide
350413,2.0808,0.0002,0.0682,2.3333,0.5719,0.2263,0.3149,0.3967,0.0873,nonelandslide
351026,0.254,0.0856,0.0682,0.2612,0.5719,0.2263,0.3193,0.095,0.1678,nonelandslide
352105,2.0808,0.0856,0.0367,0.1077,0.5719,0.2263,0.3149,0.095,0.006,nonelandslide
353078,2.0808,0.0002,0.0367,2.3333,0.5719,0.2263,0.3149,0.095,0.0873,nonelandslide
355658,2.0808,0.0543,0.0682,2.3333,0.5719,0.000932773,0.3149,0.095,0.1678,nonelandslide
355770,0.254,0.0543,0.0367,0.0362,0.009,0.0174,0.3149,0.095,0.006,nonelandslide
354718,2.0808,0.0543,0.0682,2.3333,0.5719,0.2263,0.3149,0.095,0.0873,nonelandslide
355442,0.254,0.0856,0.0682,0.0032,0.0041,0.2263,0.3193,0.095,0.1678,nonelandslide
355947,2.0808,0.0856,0.0367,0.2612,0.5719,0.2263,0.3149,0.095,0.0079,nonelandslide
357843,2.0808,0.0002,0.0682,2.3333,0.0041,0.000932773,0.3149,0.095,0.2815,nonelandslide
358535,0.0254,0.0856,0.0682,0.2612,0.1484,0.2263,0.3149,0.095,0.1678,nonelandslide
358903,2.0808,0.0002,0.0367,0.2612,0.009,0.0417,0.3149,0.095,0.006,nonelandslide
360381,0.254,0.0856,0.0682,0.0362,0.5719,0.2263,0.3149,0.095,0.0079,nonelandslide
360751,2.0808,0.0002,0.0367,2.3333,0.0041,0.2263,0.3149,0.095,0.5389,nonelandslide
360926,0.254,0.0856,0.0367,0.0362,0.5719,0.2263,0.3149,0.095,0.0079,nonelandslide
360878,2.0808,0.0002,0.0367,0.1077,0.5719,0.2263,0.3149,0.095,0.5389,nonelandslide
368023,2.0808,0.0543,0.0367,0.2612,0.5719,0.2263,0.3149,0.095,0.5389,nonelandslide
364754,2.0808,0.0002,0.0367,0.0362,0.5719,0.2263,0.3149,0.095,0.5389,nonelandslide
366919,2.0808,0.0002,0.0682,0.2612,0.5719,0.2263,0.3149,0.095,0.5389,nonelandslide
370225,2.0808,0.0856,0.0682,0.0362,0.5719,0.2263,0.3149,0.095,0.1678,nonelandslide
372043,2.0808,0.0002,0.0367,0.2612,0.009,0.0005,0.3149,0.095,0.1678,nonelandslide
374304,2.0808,0.0002,0.0367,0.2612,0.009,0.000932773,0.3149,0.095,0.5389,nonelandslide
375837,2.0808,0.0543,0.0682,0.2612,0.009,0.0174,0.0183,0.095,0.006,nonelandslide
377534,2.0808,0.0543,0.0682,0.0362,0.009,0.0005,0.3149,0.095,0.5389,nonelandslide
377902,2.0808,0.0856,0.0367,0.2612,0.5719,0.2263,0.0183,0.095,0.006,nonelandslide
381190,2.0808,0.0856,0.0367,0.1077,0.5719,0.2263,0.0183,0.3967,0.006,nonelandslide
381357,2.0808,0.0002,0.0367,0.2612,0.009,0.0005,0.3149,0.095,0.5389,nonelandslide
382444,2.0808,0.0002,0.0367,0.2612,0.1484,0.0005,0.3149,0.095,0.0079,nonelandslide
382830,2.0808,0.0856,0.0367,2.3333,0.5719,0.2263,0.3149,0.3967,0.0079,nonelandslide
385242,0.254,0.0856,0.0682,0.0362,0.1484,0.0417,0.3149,0.095,0.006,nonelandslide
383560,2.0808,0.0856,0.0367,0.2612,0.009,0.0005,0.3149,0.095,0.006,nonelandslide
385299,2.0808,0.0856,0.0367,2.3333,0.5719,0.000932773,0.3149,0.095,0.006,nonelandslide
387391,2.0808,0.0002,0.0367,2.3333,0.1484,0.0005,0.0183,0.095,0.006,nonelandslide
389494,2.0808,0.0856,0.0682,0.2612,0.5719,0.000932773,0.3149,0.095,0.5389,nonelandslide
392338,0.254,0.0002,0.0367,0.1077,0.009,0.0005,0.3149,0.095,0.5389,nonelandslide
391332,2.0808,0.0002,0.0682,2.3333,0.0041,0.000932773,0.3149,0.095,0.0079,nonelandslide
393905,0.254,0.0856,0.0682,0.1077,0.009,0.2263,0.3149,0.2153,0.006,nonelandslide
396817,2.0808,0.0002,0.0367,2.3333,0.009,0.000932773,0.3149,0.095,0.5389,nonelandslide
396827,2.0808,0.0856,0.0682,2.3333,0.5719,0.000932773,0.3149,0.095,0.1678,nonelandslide
397310,0.0254,0.0002,0.0682,0.0032,0.1484,0.0174,0.3193,0.095,0.0079,nonelandslide
398294,0.254,0.0856,0.0367,0.1077,0.0041,0.000932773,0.3149,0.2153,0.5389,nonelandslide
403777,0.254,0.0856,0.0682,2.3333,0.0041,0.000932773,0.3149,0.095,0.5389,nonelandslide
404297,2.0808,0.0002,0.0682,2.3333,0.5719,0.000932773,0.3149,0.095,0.5389,nonelandslide
399547,2.0808,0.0856,0.0367,2.3333,0.1484,0.000932773,0.3149,0.095,0.5389,nonelandslide
405045,2.0808,0.0856,0.0682,2.3333,0.009,0.000932773,0.0183,0.095,0.006,nonelandslide
409815,0.254,0.0856,0.0367,2.3333,0.009,0.000932773,0.3149,0.095,0.0079,nonelandslide
418536,2.0808,0.0002,0.0682,0.1077,0.5719,0.2263,0.3149,0.095,0.006,nonelandslide
412565,0.254,0.0856,0.0367,0.1077,0.009,0.000932773,0.3149,0.095,0.5389,nonelandslide
413017,2.0808,0.0543,0.0367,2.3333,0.5719,0.2263,0.0183,0.095,0.1678,nonelandslide
416894,2.0808,0.0002,0.0682,0.1077,0.5719,0.2263,0.0183,0.095,0.5389,nonelandslide
425692,2.0808,0.0856,0.0682,0.1077,0.009,0.000932773,0.3149,0.095,0.5389,nonelandslide
422908,2.0808,0.0002,0.0367,0.2612,0.5719,0.2263,0.3149,0.095,0.5389,nonelandslide
424027,2.0808,0.0543,0.0682,0.2612,0.5719,0.2263,0.0183,0.3967,0.2815,nonelandslide
424042,2.0808,0.0856,0.0682,0.1077,0.0041,0.2263,0.3149,0.095,0.5389,nonelandslide
424185,2.0808,0.0543,0.0367,0.0362,0.009,0.0005,0.3149,0.095,0.5389,nonelandslide
428095,2.0808,0.0002,0.0682,0.2612,0.1484,0.000932773,0.3149,0.095,0.006,nonelandslide
428997,2.0808,0.0856,0.0367,0.2612,0.009,0.000932773,0.3149,0.095,0.5389,nonelandslide
427333,2.0808,0.0856,0.0367,0.1077,0.0041,0.2263,0.3149,0.095,0.1678,nonelandslide
428655,2.0808,0.0856,0.0367,0.2612,0.009,0.000932773,0.0183,0.095,0.1678,nonelandslide
432265,2.0808,0.0856,0.0367,0.2612,0.5719,0.2263,0.3149,0.095,0.006,nonelandslide
433401,0.0254,0.0856,0.0682,0.2612,0.009,0.000932773,0.3149,0.095,0.5389,nonelandslide
440545,2.0808,0.0002,0.0367,0.0362,0.009,0.000932773,0.3149,0.095,0.5389,nonelandslide
437208,2.0808,0.0002,0.0682,0.2612,0.5719,0.2263,0.3149,0.095,0.5389,nonelandslide
441837,2.0808,0.0002,0.0682,2.3333,0.009,0.000932773,0.3149,0.3967,0.5389,nonelandslide
442365,2.0808,0.0002,0.0367,0.1077,0.1484,0.000932773,0.3149,0.095,0.5389,nonelandslide
445448,2.0808,0.0856,0.0367,0.2612,0.0041,0.2263,0.3149,0.095,0.5389,nonelandslide
448802,0.254,0.0856,0.0367,0.1801,0.009,0.000932773,0.0183,0.095,0.1678,nonelandslide
449803,2.0808,0.0856,0.0367,0.1077,0.5719,0.000932773,0.3149,0.095,0.0873,nonelandslide
450628,2.0808,0.0856,0.0682,2.3333,0.0041,0.000932773,0.3149,0.3967,0.1678,nonelandslide
452114,0.254,0.0543,0.0682,0.0032,0.009,0.000932773,0.3149,0.2153,0.1678,nonelandslide
453735,0.254,0.0002,0.0367,0.1801,0.0041,0.000932773,0.3149,0.095,0.006,nonelandslide
458071,0.0254,0.0002,0.0367,0.0032,0.5719,0.2263,0.3149,0.095,0.0079,nonelandslide
462547,0.254,0.0856,0.0367,0.1801,0.009,0.000932773,0.3149,0.2153,0.5389,nonelandslide
464352,2.0808,0.0856,0.0367,0.1077,0.5719,0.000932773,0.3149,0.3967,0.0079,nonelandslide
464836,2.0808,0.0856,0.0367,0.1801,0.1484,0.0005,0.3149,0.095,0.006,nonelandslide
464122,2.0808,0.0002,0.0367,0.2612,0.0041,0.000932773,0.3149,0.095,0.5389,nonelandslide
465797,0.0254,0.0002,0.0367,0.2612,0.1484,0.000932773,0.3149,0.095,0.5389,nonelandslide
466355,2.0808,0.0856,0.0682,0.2612,0.009,0.000932773,0.3149,0.095,0.5389,nonelandslide
466850,2.0808,0.0543,0.0682,0.2612,0.5719,0.2263,0.3149,0.095,0.5389,nonelandslide
466873,2.0808,0.0856,0.0367,0.1077,0.0041,0.000932773,0.3149,0.095,0.5389,nonelandslide
469007,2.0808,0.0856,0.0682,0.0362,0.5719,0.000932773,0.3149,0.095,0.5389,nonelandslide
472888,2.0808,0.0543,0.0367,0.1077,0.5719,0.2263,0.3149,0.095,0.5389,nonelandslide
477859,2.0808,0.0856,0.0367,2.3333,0.0041,0.000932773,0.3149,0.095,0.0079,nonelandslide
474055,0.254,0.0002,0.0682,0.2612,0.009,0.000932773,0.3149,0.095,0.1678,nonelandslide
474487,2.0808,0.0002,0.0682,0.0032,0.5719,0.000932773,0.0183,0.095,0.1678,nonelandslide
474570,2.0808,0.0856,0.0367,2.3333,0.009,0.000932773,0.3149,0.095,0.5389,nonelandslide
476969,2.0808,0.0856,0.0367,0.0032,0.0041,0.000932773,0.3149,0.3967,0.006,nonelandslide
482317,0.0254,0.0002,0.0682,0.0362,0.5719,0.000932773,0.3149,0.2153,0.0873,nonelandslide
482382,2.0808,0.0002,0.0682,0.1801,0.009,0.0174,0.3149,0.095,0.006,nonelandslide
483501,2.0808,0.0856,0.0367,0.0362,0.009,0.0005,0.3149,0.095,0.5389,nonelandslide
489063,2.0808,0.0543,0.0682,0.2612,0.5719,0.000932773,0.3149,0.3967,0.1678,nonelandslide
485687,2.0808,0.0856,0.0682,0.0032,0.1484,0.0005,0.0183,0.095,0.006,nonelandslide
485758,2.0808,0.0002,0.0367,0.2612,0.0041,0.000932773,0.3149,0.3967,0.0873,nonelandslide
490434,2.0808,0.0002,0.0682,0.2612,0.5719,0.000932773,0.0183,0.095,0.1678,nonelandslide
492634,2.0808,0.0543,0.0367,0.0362,0.5719,0.000932773,0.3149,0.095,0.1678,nonelandslide
500591,2.0808,0.0002,0.0682,0.0032,0.5719,0.000932773,0.3149,0.3967,0.2815,nonelandslide
493449,2.0808,0.0002,0.0682,0.0362,0.5719,0.000932773,0.0183,0.3967,0.1678,nonelandslide
495103,2.0808,0.0543,0.0367,0.0362,0.5719,0.000932773,0.3149,0.3967,0.006,nonelandslide
495426,2.0808,0.0856,0.0367,0.0032,0.5719,0.000932773,0.3149,0.095,0.0079,nonelandslide
496013,0.254,0.0856,0.0682,0.0032,0.009,0.000932773,0.3149,0.095,0.1678,nonelandslide
498729,0.0254,0.0354,0.0682,0.1801,0.5719,0.2263,0.3193,0.095,0.5389,nonelandslide
500415,2.0808,0.0543,0.0682,0.2612,0.009,0.000932773,0.3149,0.095,0.5389,nonelandslide
500025,2.0808,0.0856,0.0367,0.0362,0.009,0.000932773,0.3149,0.3967,0.5389,nonelandslide
503136,2.0808,0.0002,0.0682,0.0362,0.5719,0.000932773,0.3149,0.095,0.5389,nonelandslide
503879,2.0808,0.0002,0.0367,0.2612,0.5719,0.000932773,0.3149,0.3967,0.5389,nonelandslide
505266,2.0808,0.0856,0.0367,0.2612,0.5719,0.000932773,0.3149,0.095,0.006,nonelandslide
506442,2.0808,0.0002,0.0682,0.2612,0.0041,0.000932773,0.3149,0.095,0.5389,nonelandslide
508081,2.0808,0.0856,0.0367,0.2612,0.5719,0.000932773,0.3149,0.095,0.5389,nonelandslide
511016,2.0808,0.0543,0.0367,0.0032,0.5719,0.000932773,0.0183,0.3967,0.0873,nonelandslide
513153,2.0808,0.0856,0.0367,0.1801,0.1484,0.0005,0.0183,0.095,0.1678,nonelandslide
514130,2.0808,0.0856,0.0682,0.1077,0.5719,0.000932773,0.3149,0.095,0.5389,nonelandslide
515270,2.0808,0.0002,0.0682,0.1801,0.009,0.000932773,0.3149,0.095,0.0079,nonelandslide
515703,2.0808,0.0543,0.0682,0.0362,0.5719,0.2263,0.0183,0.095,0.1678,nonelandslide
521982,2.0808,0.0002,0.0367,0.0032,0.1484,0.000932773,0.3149,0.3967,0.1678,nonelandslide
519095,2.0808,0.0856,0.0367,0.1801,0.009,0.000932773,0.3149,0.095,0.5389,nonelandslide
525174,0.254,0.0856,0.0367,0.1801,0.009,0.000932773,0.0183,0.2153,0.006,nonelandslide
520326,2.0808,0.0002,0.0367,0.0362,0.1484,0.000932773,0.3149,0.095,0.006,nonelandslide
523087,2.0808,0.0002,0.0367,0.0032,0.009,0.000932773,0.3149,0.3967,0.1678,nonelandslide
527280,2.0808,0.0856,0.0682,0.0032,0.5719,0.2263,0.3149,0.095,0.0079,nonelandslide
527490,2.0808,0.0856,0.0367,0.2612,0.0041,0.000932773,0.3149,0.3967,0.0873,nonelandslide
531722,0.0254,0.0856,0.0367,0.1801,0.0041,0.2263,0.3149,0.095,0.0079,nonelandslide
538930,0.254,0.0856,0.0367,0.0362,0.009,0.0174,0.0183,0.2153,0.1678,nonelandslide
540578,0.254,0.0856,0.0367,0.0032,0.009,0.0174,0.0183,0.2153,0.1678,nonelandslide
540674,2.0808,0.0856,0.0367,0.0032,0.5719,0.000932773,0.3149,0.3967,0.0873,nonelandslide
542188,0.254,0.0856,0.0682,0.1801,0.009,0.000932773,0.3193,0.2153,0.1678,nonelandslide
544316,2.0808,0.0856,0.0367,0.2612,0.5719,0.2263,0.3149,0.095,0.006,nonelandslide
543953,2.0808,0.0002,0.0367,0.2612,0.009,0.000932773,0.3149,0.095,0.5389,nonelandslide
547255,2.0808,0.0002,0.0682,0.0362,0.0041,0.000932773,0.3149,0.3967,0.006,nonelandslide
547790,2.0808,0.0002,0.0367,0.0362,0.009,0.000932773,0.3149,0.095,0.1678,nonelandslide
550507,2.0808,0.0002,0.0367,0.0362,0.009,0.000932773,0.3149,0.095,0.5389,nonelandslide
552583,0.0254,0.0856,0.0367,0.0362,0.5719,0.2263,0.0183,0.095,0.0079,nonelandslide
554786,0.0254,0.0856,0.0367,0.0032,0.009,0.2263,0.0183,0.095,0.5389,nonelandslide
553721,0.254,0.0856,0.0367,0.1801,0.009,0.000932773,0.0183,0.2153,0.0873,nonelandslide
556402,2.0808,0.0543,0.0682,0.2612,0.5719,0.2263,0.3149,0.095,0.5389,nonelandslide
556978,2.0808,0.0002,0.0682,0.1801,0.009,0.2263,0.0183,0.095,0.006,nonelandslide
557004,0.254,0.0002,0.0682,0.1801,0.009,0.000932773,0.0183,0.2153,0.1678,nonelandslide
567906,2.0808,0.0856,0.0367,0.2612,0.5719,0.2263,0.3149,0.095,0.5389,nonelandslide
574555,2.0808,0.0002,0.0682,0.2612,0.1484,0.000932773,0.3149,0.095,0.5389,nonelandslide
571283,0.254,0.0856,0.0682,0.0032,0.009,0.000932773,0.3149,0.2153,0.006,nonelandslide
575638,0.0254,0.0856,0.0367,0.2612,0.009,0.000932773,0.0183,0.095,0.5389,nonelandslide
576181,0.0254,0.0002,0.0682,0.0362,0.0041,0.2263,0.3149,0.095,0.0079,nonelandslide
